metric,mean,std,p01,p05,p50,p95,p99,p999
deposit,2105.9718199999998,2843.490228117566,69.2024,213.61450000000002,1153.8249999999998,7102.172499999998,16474.7566,21927.85762000007
volume,17288.99388,33491.73240131307,500.0,500.0,7120.805,69136.45999999999,184474.36069999993,333126.4621600029
lot_size,1.1997200000000001,0.9542246704000059,0.0599,0.14,0.97,3.0504999999999995,4.312999999999997,5.85529000000001
session,29.57942,17.676354360093598,2.3877,7.0595,26.259999999999998,62.455999999999975,82.82569999999998,99.7098300000005
trades_per_day,1.9182000000000001,1.321335975443036,0.1,0.1,2.0,5.0,5.0,6.0
